id,page_number,items_count,status,error_message,scraped_at
1,6,10,success,,2025-10-01 03:35:50
2,16,10,success,,2025-10-01 03:41:20
3,26,10,success,,2025-10-01 03:44:23
4,36,10,success,,2025-10-01 03:51:00
5,46,10,success,,2025-10-01 03:54:39
6,56,10,success,,2025-10-01 03:59:33
7,66,10,success,,2025-10-01 04:03:25
8,76,10,success,,2025-10-01 04:07:42
9,86,10,success,,2025-10-01 04:12:44
10,96,10,success,,2025-10-01 04:14:53
11,106,10,success,,2025-10-01 04:20:49
12,116,10,success,,2025-10-01 04:26:02
13,126,10,success,,2025-10-01 04:29:17
14,136,10,success,,2025-10-01 04:34:40
15,146,10,success,,2025-10-01 04:40:14
16,156,10,success,,2025-10-01 04:44:31
17,166,10,success,,2025-10-01 04:48:56
18,176,10,success,,2025-10-01 04:53:09
19,186,10,success,,2025-10-01 04:58:24
20,196,10,success,,2025-10-01 05:01:45
21,206,10,success,,2025-10-01 05:05:31
22,216,10,success,,2025-10-01 05:13:31
23,226,10,success,,2025-10-01 05:30:16
24,236,10,success,,2025-10-01 05:33:56
25,246,10,success,,2025-10-01 05:37:23
26,256,10,success,,2025-10-01 05:42:23
27,266,10,success,,2025-10-01 05:46:36
28,276,10,success,,2025-10-01 05:52:26
29,286,10,success,,2025-10-01 05:56:41
30,296,10,success,,2025-10-01 06:02:46
31,306,10,success,,2025-10-01 06:07:13
32,316,10,success,,2025-10-01 06:12:58
33,326,10,success,,2025-10-01 06:16:08
34,336,10,success,,2025-10-01 06:21:02
35,346,10,success,,2025-10-01 06:26:54
36,356,10,success,,2025-10-01 06:33:44
37,366,10,success,,2025-10-01 06:35:59
38,376,10,success,,2025-10-01 06:41:30
39,386,10,success,,2025-10-01 06:44:45
40,396,10,success,,2025-10-01 06:49:07
41,406,10,success,,2025-10-01 06:54:53
42,416,10,success,,2025-10-01 06:58:52
43,426,10,success,,2025-10-01 07:04:19
44,436,10,success,,2025-10-01 07:08:34
45,446,10,success,,2025-10-01 07:16:04
46,456,10,success,,2025-10-01 07:20:31
47,466,10,success,,2025-10-01 07:23:02
48,476,10,success,,2025-10-01 07:27:35
49,486,10,success,,2025-10-01 07:32:23
50,496,10,success,,2025-10-01 07:37:19
51,506,10,success,,2025-10-01 07:41:56
52,516,10,success,,2025-10-01 07:47:23
53,526,10,success,,2025-10-01 07:52:04
54,536,10,success,,2025-10-01 07:56:57
55,546,10,success,,2025-10-01 08:03:34
56,556,10,success,,2025-10-01 08:08:11
57,6,10,success,,2025-10-01 08:09:10
58,16,10,success,,2025-10-01 08:09:14
59,26,10,success,,2025-10-01 08:09:19
60,36,10,success,,2025-10-01 08:09:23
61,46,10,success,,2025-10-01 08:09:28
62,56,10,success,,2025-10-01 08:09:32
63,66,10,success,,2025-10-01 08:09:36
64,76,10,success,,2025-10-01 08:09:42
65,86,10,success,,2025-10-01 08:09:46
66,96,10,success,,2025-10-01 08:09:49
67,106,10,success,,2025-10-01 08:09:55
68,116,10,success,,2025-10-01 08:10:01
69,126,10,success,,2025-10-01 08:10:06
70,136,10,success,,2025-10-01 08:10:10
71,146,10,success,,2025-10-01 08:10:15
72,156,10,success,,2025-10-01 08:10:19
73,166,10,success,,2025-10-01 08:10:26
74,176,10,success,,2025-10-01 08:10:27
75,186,10,success,,2025-10-01 08:10:33
76,196,10,success,,2025-10-01 08:10:37
77,206,10,success,,2025-10-01 08:10:43
78,216,10,success,,2025-10-01 08:10:46
79,226,10,success,,2025-10-01 08:10:58
80,236,10,success,,2025-10-01 08:11:14
81,246,10,success,,2025-10-01 08:11:29
82,256,10,success,,2025-10-01 08:11:32
83,266,10,success,,2025-10-01 08:11:35
84,276,10,success,,2025-10-01 08:11:52
85,286,10,success,,2025-10-01 08:11:54
86,296,10,success,,2025-10-01 08:12:00
87,306,10,success,,2025-10-01 08:12:04
88,316,10,success,,2025-10-01 08:12:10
89,326,10,success,,2025-10-01 08:12:14
90,336,10,success,,2025-10-01 08:12:21
91,346,10,success,,2025-10-01 08:12:42
92,356,10,success,,2025-10-01 08:12:47
93,366,10,success,,2025-10-01 08:12:50
94,376,10,success,,2025-10-01 08:12:55
95,386,10,success,,2025-10-01 08:13:10
96,396,10,success,,2025-10-01 08:13:13
97,406,10,success,,2025-10-01 08:13:29
98,416,10,success,,2025-10-01 08:13:32
99,426,10,success,,2025-10-01 08:13:58
100,436,10,success,,2025-10-01 08:14:02
101,446,10,success,,2025-10-01 08:14:15
102,456,10,success,,2025-10-01 08:14:19
103,466,10,success,,2025-10-01 08:14:22
104,476,10,success,,2025-10-01 08:14:28
105,486,10,success,,2025-10-01 08:14:34
106,496,10,success,,2025-10-01 08:14:40
107,506,10,success,,2025-10-01 08:14:44
108,516,10,success,,2025-10-01 08:14:58
109,526,10,success,,2025-10-01 08:15:01
110,536,10,success,,2025-10-01 08:15:08
111,546,10,success,,2025-10-01 08:15:13
112,556,10,success,,2025-10-01 08:15:45
113,566,10,success,,2025-10-01 08:17:24
114,576,10,success,,2025-10-01 08:25:14
115,586,10,success,,2025-10-01 08:30:28
116,596,10,success,,2025-10-01 08:34:50
117,606,10,success,,2025-10-01 08:38:58
118,616,10,success,,2025-10-01 08:43:31
119,626,10,success,,2025-10-01 08:45:11
120,636,10,success,,2025-10-01 08:50:17
121,646,10,success,,2025-10-01 08:53:18
122,656,10,success,,2025-10-01 08:59:24
123,666,10,success,,2025-10-01 09:02:43
124,676,10,success,,2025-10-01 09:07:33
125,686,10,success,,2025-10-01 09:11:48
126,696,10,success,,2025-10-01 09:16:22
127,706,10,success,,2025-10-01 09:20:15
128,716,10,success,,2025-10-01 09:24:13
129,726,10,success,,2025-10-01 09:29:14
130,736,10,success,,2025-10-01 09:33:19
131,746,10,success,,2025-10-01 09:35:43
132,756,10,success,,2025-10-01 09:39:47
133,766,10,success,,2025-10-01 09:43:53
134,776,10,success,,2025-10-01 09:48:58
135,786,10,success,,2025-10-01 09:51:42
136,796,10,success,,2025-10-01 09:56:35
137,806,10,success,,2025-10-01 09:58:08
138,816,10,success,,2025-10-01 10:03:14
139,826,10,success,,2025-10-01 10:08:32
140,836,10,success,,2025-10-01 10:14:36
141,846,10,success,,2025-10-01 10:18:08
142,856,10,success,,2025-10-01 10:21:41
143,866,10,success,,2025-10-01 10:26:54
144,876,10,success,,2025-10-01 10:30:04
145,886,10,success,,2025-10-01 10:33:40
146,896,10,success,,2025-10-01 10:37:13
147,906,10,success,,2025-10-01 10:40:48
148,916,10,success,,2025-10-01 10:44:20
149,926,10,success,,2025-10-01 10:49:18
150,936,10,success,,2025-10-01 10:53:04
151,946,10,success,,2025-10-01 10:57:58
152,956,10,success,,2025-10-01 11:01:31
153,966,10,success,,2025-10-01 11:06:43
154,976,10,success,,2025-10-01 11:10:06
155,986,10,success,,2025-10-01 11:14:01
156,996,10,success,,2025-10-01 11:18:02
157,1006,10,success,,2025-10-01 11:21:11
158,1016,10,success,,2025-10-01 11:24:56
159,1026,10,success,,2025-10-01 11:28:54
160,1036,10,success,,2025-10-01 11:33:24
161,1046,10,success,,2025-10-01 11:37:07
162,1056,10,success,,2025-10-01 11:41:41
163,1066,10,success,,2025-10-01 11:45:42
164,1076,10,success,,2025-10-01 11:50:23
165,1086,10,success,,2025-10-01 11:53:24
166,1096,10,success,,2025-10-01 11:57:37
167,1106,10,success,,2025-10-01 12:01:54
168,1116,10,success,,2025-10-01 12:06:22
169,1126,10,success,,2025-10-01 12:10:46
170,1136,10,success,,2025-10-01 12:16:49
171,1146,10,success,,2025-10-01 12:18:47
172,1156,10,success,,2025-10-01 12:22:48
173,1166,10,success,,2025-10-01 12:26:58
174,1176,10,success,,2025-10-01 12:30:56
175,1186,10,success,,2025-10-01 12:35:22
176,1196,10,success,,2025-10-01 12:39:34
177,1206,10,success,,2025-10-01 12:43:19
178,1216,10,success,,2025-10-01 12:49:05
179,1226,10,success,,2025-10-01 12:53:09
180,1236,10,success,,2025-10-01 12:55:55
181,1246,10,success,,2025-10-01 13:00:05
182,1256,10,success,,2025-10-01 13:03:59
183,1266,10,success,,2025-10-01 13:07:38
184,1276,10,success,,2025-10-01 13:11:38
185,1286,10,success,,2025-10-01 13:13:38
186,1296,10,success,,2025-10-01 13:20:00
187,1306,10,success,,2025-10-01 13:24:17
188,1316,10,success,,2025-10-01 13:28:47
189,1326,10,success,,2025-10-01 13:32:56
190,1336,10,success,,2025-10-01 13:34:31
191,1346,10,success,,2025-10-01 13:40:45
192,1356,10,success,,2025-10-01 13:43:08
193,1366,10,success,,2025-10-01 13:46:42
194,1376,10,success,,2025-10-01 13:50:45
195,1386,10,success,,2025-10-01 13:55:45
196,1396,10,success,,2025-10-01 13:59:31
197,1406,10,success,,2025-10-01 14:03:16
198,1416,10,success,,2025-10-01 14:06:37
199,1426,10,success,,2025-10-01 14:11:41
200,1436,10,success,,2025-10-01 14:15:59
201,1446,10,success,,2025-10-01 14:18:55
202,1456,10,success,,2025-10-01 14:24:13
203,1466,10,success,,2025-10-01 14:27:38
204,1476,10,success,,2025-10-01 14:31:48
205,1486,10,success,,2025-10-01 14:35:36
206,1496,10,success,,2025-10-01 14:38:06
207,1506,10,success,,2025-10-01 14:43:49
208,1516,10,success,,2025-10-01 14:47:50
209,1526,10,success,,2025-10-01 14:51:31
210,1536,10,success,,2025-10-01 14:55:38
211,1546,10,success,,2025-10-01 14:58:59
212,1556,10,success,,2025-10-01 15:01:52
213,1566,10,success,,2025-10-01 15:05:50
214,1576,10,success,,2025-10-01 15:08:55
215,1586,10,success,,2025-10-01 15:12:05
216,1596,10,success,,2025-10-01 15:17:39
217,1606,10,success,,2025-10-01 15:20:53
218,1616,10,success,,2025-10-01 15:25:19
219,1626,10,success,,2025-10-01 15:28:29
220,1636,10,success,,2025-10-01 15:32:39
221,1646,10,success,,2025-10-01 15:34:39
222,1656,10,success,,2025-10-01 15:41:03
223,1666,10,success,,2025-10-01 15:44:30
224,1676,10,success,,2025-10-01 15:47:59
225,1686,10,success,,2025-10-01 15:52:56
226,1696,10,success,,2025-10-01 15:55:54
227,1706,10,success,,2025-10-01 16:01:53
228,1716,10,success,,2025-10-01 16:04:45
229,1726,10,success,,2025-10-01 16:07:42
230,1736,10,success,,2025-10-01 16:11:53
231,1746,10,success,,2025-10-01 16:16:13
232,1756,10,success,,2025-10-01 16:20:09
233,1766,10,success,,2025-10-01 16:23:47
234,1776,10,success,,2025-10-01 16:28:07
235,1786,10,success,,2025-10-01 16:31:13
236,1796,10,success,,2025-10-01 16:34:41
237,1806,10,success,,2025-10-01 16:38:19
238,1816,10,success,,2025-10-01 16:42:13
239,1826,10,success,,2025-10-01 16:45:43
240,1836,10,success,,2025-10-01 16:49:49
241,1846,10,success,,2025-10-01 16:53:32
242,1856,10,success,,2025-10-01 16:58:28
243,1866,10,success,,2025-10-01 17:02:38
244,1876,10,success,,2025-10-01 17:05:31
245,1886,10,success,,2025-10-01 17:10:52
246,1896,10,success,,2025-10-01 17:12:27
247,1906,10,success,,2025-10-01 17:17:02
248,1916,10,success,,2025-10-01 17:21:50
249,1926,10,success,,2025-10-01 17:25:34
250,1936,10,success,,2025-10-01 17:29:57
251,1946,10,success,,2025-10-01 17:36:09
252,1956,10,success,,2025-10-01 17:37:37
253,1966,10,success,,2025-10-01 17:41:40
254,1976,10,success,,2025-10-01 17:44:42
255,1986,10,success,,2025-10-01 17:50:49
256,1996,10,success,,2025-10-01 17:53:45
257,2006,10,success,,2025-10-01 17:56:34
258,2016,10,success,,2025-10-01 18:01:49
259,2026,10,success,,2025-10-01 18:04:59
260,2036,10,success,,2025-10-01 18:09:32
261,2046,10,success,,2025-10-01 18:11:36
262,2056,10,success,,2025-10-01 18:15:57
263,2066,10,success,,2025-10-01 18:19:22
264,2076,10,success,,2025-10-01 18:22:56
265,2086,10,success,,2025-10-01 18:25:48
266,2096,10,success,,2025-10-01 18:29:26
267,2106,10,success,,2025-10-01 18:33:20
268,2116,10,success,,2025-10-01 18:37:56
269,2126,10,success,,2025-10-01 18:41:21
270,2136,10,success,,2025-10-01 18:43:22
271,2146,10,success,,2025-10-01 18:48:03
272,2156,10,success,,2025-10-01 18:51:24
273,2166,10,success,,2025-10-01 18:54:26
274,2176,10,success,,2025-10-01 18:58:04
275,2186,10,success,,2025-10-01 19:01:06
276,2196,10,success,,2025-10-01 19:04:12
277,2206,10,success,,2025-10-01 19:07:37
278,2216,10,success,,2025-10-01 19:11:01
279,2226,10,success,,2025-10-01 19:15:26
280,2236,10,success,,2025-10-01 19:17:48
281,2246,10,success,,2025-10-01 19:20:28
282,2256,10,success,,2025-10-01 19:25:17
283,2266,10,success,,2025-10-01 19:28:49
284,2276,10,success,,2025-10-01 19:32:37
285,2286,10,success,,2025-10-01 19:36:52
286,2296,10,success,,2025-10-01 19:38:56
287,2306,10,success,,2025-10-01 19:42:52
288,2316,10,success,,2025-10-01 19:46:54
289,2326,10,success,,2025-10-01 19:50:11
290,2336,10,success,,2025-10-01 19:53:53
291,2346,10,success,,2025-10-01 19:57:09
292,2356,10,success,,2025-10-01 20:00:39
293,2366,10,success,,2025-10-01 20:04:15
294,2376,10,success,,2025-10-01 20:08:36
295,2386,10,success,,2025-10-01 20:09:45
296,2396,10,success,,2025-10-01 20:15:16
297,2406,10,success,,2025-10-01 20:18:44
298,2416,10,success,,2025-10-01 20:21:21
299,2426,10,success,,2025-10-01 20:25:17
300,2436,10,success,,2025-10-01 20:28:24
301,2446,10,success,,2025-10-01 20:31:47
302,2456,10,success,,2025-10-01 20:35:42
303,2466,10,success,,2025-10-01 20:38:53
304,2476,10,success,,2025-10-01 20:42:36
305,2486,10,success,,2025-10-01 20:45:14
306,2496,10,success,,2025-10-01 20:50:07
307,2506,10,success,,2025-10-01 20:53:12
308,2516,10,success,,2025-10-01 20:55:11
309,2526,10,success,,2025-10-01 20:59:05
310,2536,10,success,,2025-10-01 21:02:11
311,2546,10,success,,2025-10-01 21:06:49
312,2556,10,success,,2025-10-01 21:08:21
313,2566,10,success,,2025-10-01 21:12:12
314,2576,10,success,,2025-10-01 21:18:02
315,2586,10,success,,2025-10-01 21:21:45
316,2596,10,success,,2025-10-01 21:23:08
317,2606,10,success,,2025-10-01 21:28:18
318,2616,10,success,,2025-10-01 21:32:36
319,2626,10,success,,2025-10-01 21:34:39
320,2636,10,success,,2025-10-01 21:39:32
321,2646,10,success,,2025-10-01 21:41:39
322,2656,10,success,,2025-10-01 21:45:27
323,2666,10,success,,2025-10-01 21:49:09
324,2676,10,success,,2025-10-01 21:52:15
325,2686,10,success,,2025-10-01 21:56:19
326,2696,10,success,,2025-10-01 21:58:35
327,2706,10,success,,2025-10-01 22:04:40
328,2716,10,success,,2025-10-01 22:08:25
329,2726,10,success,,2025-10-01 22:11:40
330,2736,10,success,,2025-10-01 22:16:06
331,2746,10,success,,2025-10-01 22:19:25
332,2756,10,success,,2025-10-01 22:21:21
333,2766,10,success,,2025-10-01 22:25:28
334,2776,10,success,,2025-10-01 22:31:14
335,2786,10,success,,2025-10-01 22:34:41
336,2796,10,success,,2025-10-01 22:38:37
337,2806,10,success,,2025-10-01 22:41:31
338,2816,10,success,,2025-10-01 22:46:18
339,2826,10,success,,2025-10-01 22:52:38
340,2836,10,success,,2025-10-01 22:54:34
341,2846,10,success,,2025-10-01 22:58:15
342,2856,10,success,,2025-10-01 23:03:32
343,2866,10,success,,2025-10-01 23:07:35
344,2876,10,success,,2025-10-01 23:10:54
345,2886,10,success,,2025-10-01 23:14:54
346,2896,10,success,,2025-10-01 23:18:57
347,2906,10,success,,2025-10-01 23:22:54
348,2916,10,success,,2025-10-01 23:27:09
349,2926,10,success,,2025-10-01 23:31:30
350,2936,10,success,,2025-10-01 23:35:34
351,2946,10,success,,2025-10-01 23:39:09
352,2956,10,success,,2025-10-01 23:44:00
353,2966,10,success,,2025-10-01 23:46:58
354,2976,10,success,,2025-10-01 23:51:13
355,2986,10,success,,2025-10-01 23:55:41
356,2996,10,success,,2025-10-01 23:59:56
357,3006,10,success,,2025-10-02 00:02:58
358,3016,10,success,,2025-10-02 00:06:34
359,3026,10,success,,2025-10-02 00:10:21
360,3036,10,success,,2025-10-02 00:15:31
361,3046,10,success,,2025-10-02 00:18:43
362,3056,10,success,,2025-10-02 00:23:08
363,3066,10,success,,2025-10-02 00:28:20
364,3076,10,success,,2025-10-02 00:30:12
365,3086,10,success,,2025-10-02 00:35:54
366,3096,10,success,,2025-10-02 00:39:15
367,3106,10,success,,2025-10-02 00:43:07
368,3116,10,success,,2025-10-02 00:46:21
369,3126,10,success,,2025-10-02 00:52:00
370,3136,10,success,,2025-10-02 00:56:03
371,3146,10,success,,2025-10-02 00:59:30
372,3156,10,success,,2025-10-02 01:03:23
373,3166,10,success,,2025-10-02 01:06:50
374,3176,10,success,,2025-10-02 01:11:15
375,3186,10,success,,2025-10-02 01:14:51
376,3196,10,success,,2025-10-02 01:17:46
377,3206,10,success,,2025-10-02 01:22:16
378,3216,10,success,,2025-10-02 01:25:10
379,3226,10,success,,2025-10-02 01:31:33
380,3236,10,success,,2025-10-02 01:34:05
381,3246,10,success,,2025-10-02 01:38:35
382,3256,10,success,,2025-10-02 01:41:11
383,3266,10,success,,2025-10-02 01:47:22
384,3276,10,success,,2025-10-02 01:50:11
385,3286,10,success,,2025-10-02 01:55:10
386,3296,10,success,,2025-10-02 01:59:48
387,3306,10,success,,2025-10-02 02:02:56
388,3316,10,success,,2025-10-02 02:08:10
389,3326,10,success,,2025-10-02 02:12:10
390,3336,10,success,,2025-10-02 02:16:09
391,3346,10,success,,2025-10-02 02:20:25
392,3356,10,success,,2025-10-02 02:24:19
393,3366,10,success,,2025-10-02 02:27:38
394,3376,10,success,,2025-10-02 02:31:13
395,3386,10,success,,2025-10-02 02:35:24
396,3396,10,success,,2025-10-02 02:39:45
397,3406,10,success,,2025-10-02 02:43:26
398,3416,10,success,,2025-10-02 02:48:38
399,3426,10,success,,2025-10-02 02:50:36
400,3436,10,success,,2025-10-02 02:55:28
401,3446,10,success,,2025-10-02 02:59:00
402,3456,10,success,,2025-10-02 04:20:04
403,3466,10,success,,2025-10-02 04:25:15
404,3476,10,success,,2025-10-02 04:29:21
405,3486,10,success,,2025-10-02 04:32:50
406,3496,10,success,,2025-10-02 04:38:04
407,3506,10,success,,2025-10-02 04:40:11
408,3516,10,success,,2025-10-02 04:44:42
409,3526,10,success,,2025-10-02 04:47:35
410,3536,10,success,,2025-10-02 04:49:17
411,3546,10,success,,2025-10-02 04:53:52
412,3556,10,success,,2025-10-02 04:59:18
413,3566,10,success,,2025-10-02 05:01:38
414,3576,10,success,,2025-10-02 05:05:45
415,3586,10,success,,2025-10-02 05:08:18
416,3595,10,success,,2025-10-02 05:09:58
417,3605,10,success,,2025-10-02 05:15:52
418,3615,10,success,,2025-10-02 05:18:15
419,3625,10,success,,2025-10-02 05:21:33
420,3635,10,success,,2025-10-02 05:25:51
421,3645,10,success,,2025-10-02 05:29:03
422,3655,10,success,,2025-10-02 05:32:16
423,3665,10,success,,2025-10-02 05:36:41
424,3675,10,success,,2025-10-02 05:40:19
425,3685,10,success,,2025-10-02 05:45:21
426,3695,10,success,,2025-10-02 05:47:32
427,3705,10,success,,2025-10-02 05:52:55
428,3715,10,success,,2025-10-02 05:55:05
429,3725,10,success,,2025-10-02 05:58:02
430,3735,10,success,,2025-10-02 06:02:38
431,3745,10,success,,2025-10-02 06:06:22
432,3755,10,success,,2025-10-02 06:09:18
433,3765,10,success,,2025-10-02 06:13:26
434,3775,10,success,,2025-10-02 06:16:27
435,3785,10,success,,2025-10-02 06:19:43
436,3795,10,success,,2025-10-02 06:23:24
437,3805,10,success,,2025-10-02 06:28:36
438,3815,10,success,,2025-10-02 06:31:53
439,3825,10,success,,2025-10-02 06:35:24
440,3835,10,success,,2025-10-02 06:40:35
441,3845,10,success,,2025-10-02 06:42:33
442,3855,10,success,,2025-10-02 06:47:17
443,3865,10,success,,2025-10-02 06:51:09
444,3875,10,success,,2025-10-02 06:53:49
445,3885,10,success,,2025-10-02 06:59:25
446,3895,10,success,,2025-10-02 07:03:28
447,3905,10,success,,2025-10-02 07:06:29
448,3915,10,success,,2025-10-02 07:10:49
449,3925,10,success,,2025-10-02 07:14:18
450,3935,10,success,,2025-10-02 07:17:33
451,3945,10,success,,2025-10-02 07:22:26
452,3955,10,success,,2025-10-02 07:26:00
453,3965,10,success,,2025-10-02 07:30:02
454,3975,10,success,,2025-10-02 07:31:59
455,3985,10,success,,2025-10-02 07:36:57
456,3995,10,success,,2025-10-02 07:39:56
457,4005,10,success,,2025-10-02 07:44:17
458,4015,10,success,,2025-10-02 07:48:01
459,4025,10,success,,2025-10-02 07:51:39
460,4035,10,success,,2025-10-02 07:56:33
461,4045,10,success,,2025-10-02 07:59:09
462,4055,10,success,,2025-10-02 08:03:24
463,4065,10,success,,2025-10-02 08:07:37
464,4075,10,success,,2025-10-02 08:11:45
465,4085,10,success,,2025-10-02 08:14:26
466,4095,10,success,,2025-10-02 08:19:18
467,4105,10,success,,2025-10-02 08:22:28
468,4115,10,success,,2025-10-02 08:26:45
469,4125,10,success,,2025-10-02 08:32:35
470,4135,10,success,,2025-10-02 08:36:06
471,4145,10,success,,2025-10-02 08:39:16
472,4155,10,success,,2025-10-02 08:44:18
473,4165,10,success,,2025-10-02 08:46:44
474,4175,10,success,,2025-10-02 08:51:31
475,4185,10,success,,2025-10-02 08:56:40
476,4195,10,success,,2025-10-02 08:59:26
477,4205,10,success,,2025-10-02 09:03:17
478,4215,10,success,,2025-10-02 09:06:47
479,4225,10,success,,2025-10-02 09:10:39
480,4235,10,success,,2025-10-02 09:14:42
481,4245,10,success,,2025-10-02 09:19:43
482,4255,10,success,,2025-10-02 09:23:19
483,4265,10,success,,2025-10-02 09:26:41
484,4275,10,success,,2025-10-02 09:31:20
485,4285,10,success,,2025-10-02 09:34:25
486,4295,10,success,,2025-10-02 09:39:22
487,4305,10,success,,2025-10-02 09:42:07
488,4315,10,success,,2025-10-02 09:47:43
489,4325,10,success,,2025-10-02 09:51:21
490,4335,10,success,,2025-10-02 09:55:22
491,4345,10,success,,2025-10-02 09:59:29
492,4355,10,success,,2025-10-02 10:03:33
493,4365,10,success,,2025-10-02 10:06:57
494,4375,10,success,,2025-10-02 10:10:36
495,4385,10,success,,2025-10-02 10:13:29
496,4395,10,success,,2025-10-02 10:17:13
497,4405,10,success,,2025-10-02 10:22:51
498,4415,10,success,,2025-10-02 10:24:57
499,4425,10,success,,2025-10-02 10:27:49
500,4435,10,success,,2025-10-02 10:33:17
501,4445,10,success,,2025-10-02 10:36:06
502,4455,10,success,,2025-10-02 10:39:05
503,4465,10,success,,2025-10-02 10:43:04
504,4475,10,success,,2025-10-02 10:48:17
505,4485,10,success,,2025-10-02 10:51:46
506,4495,10,success,,2025-10-02 10:54:09
507,4505,10,success,,2025-10-02 11:00:26
508,4515,10,success,,2025-10-02 11:03:37
509,4525,10,success,,2025-10-02 11:06:22
510,4535,10,success,,2025-10-02 11:09:50
511,4545,10,success,,2025-10-02 11:14:17
512,4555,10,success,,2025-10-02 11:17:44
513,4565,10,success,,2025-10-02 11:20:47
514,4575,10,success,,2025-10-02 11:25:48
515,4585,10,success,,2025-10-02 11:29:20
516,4595,10,success,,2025-10-02 11:34:27
517,4605,10,success,,2025-10-02 11:37:26
518,4615,10,success,,2025-10-02 11:42:05
519,4625,10,success,,2025-10-02 11:45:57
520,4635,10,success,,2025-10-02 11:49:50
521,4645,10,success,,2025-10-02 11:50:31
522,4655,10,success,,2025-10-02 11:55:51
523,4665,10,success,,2025-10-02 11:59:29
524,4675,10,success,,2025-10-02 12:04:04
525,4685,10,success,,2025-10-02 12:07:19
526,4695,10,success,,2025-10-02 12:11:30
527,4705,10,success,,2025-10-02 12:15:06
528,4715,10,success,,2025-10-02 12:17:37
529,4725,10,success,,2025-10-02 12:21:26
530,4735,10,success,,2025-10-02 12:26:43
531,4745,10,success,,2025-10-02 12:29:47
532,4755,10,success,,2025-10-02 12:33:43
533,4765,10,success,,2025-10-02 12:37:30
534,4775,10,success,,2025-10-02 12:41:32
535,4785,10,success,,2025-10-02 12:45:16
536,4795,10,success,,2025-10-02 12:48:25
537,4805,10,success,,2025-10-02 12:52:38
538,4815,10,success,,2025-10-02 12:55:08
539,4825,10,success,,2025-10-02 12:58:59
540,4835,10,success,,2025-10-02 13:03:05
541,4845,10,success,,2025-10-02 13:07:15
542,4855,10,success,,2025-10-02 13:11:50
543,4865,10,success,,2025-10-02 13:14:50
544,4875,10,success,,2025-10-02 13:18:21
545,4885,10,success,,2025-10-02 13:22:06
546,4895,10,success,,2025-10-02 13:25:25
547,4905,10,success,,2025-10-02 13:31:23
548,4915,10,success,,2025-10-02 13:34:54
549,4925,10,success,,2025-10-02 13:39:05
550,4935,10,success,,2025-10-02 13:42:52
551,4945,10,success,,2025-10-02 13:47:51
552,4955,10,success,,2025-10-02 13:49:39
553,4965,10,success,,2025-10-02 13:55:11
554,4975,10,success,,2025-10-02 13:57:46
555,4985,10,success,,2025-10-02 14:02:18
556,4995,10,success,,2025-10-02 14:05:47
557,5005,10,success,,2025-10-02 14:09:46
558,5015,10,success,,2025-10-02 14:12:11
559,5025,10,success,,2025-10-02 14:17:03
560,5035,10,success,,2025-10-02 14:20:15
561,5045,10,success,,2025-10-02 14:24:05
562,5055,10,success,,2025-10-02 14:29:22
563,5065,10,success,,2025-10-02 14:33:46
564,5075,10,success,,2025-10-02 14:35:34
565,5085,10,success,,2025-10-02 14:41:14
566,5095,10,success,,2025-10-02 14:43:59
567,5105,10,success,,2025-10-02 14:48:26
568,5115,10,success,,2025-10-02 14:51:26
569,5125,10,success,,2025-10-02 14:56:10
570,5135,10,success,,2025-10-02 14:59:12
571,5145,10,success,,2025-10-02 15:04:11
572,5155,10,success,,2025-10-02 15:07:54
573,5165,10,success,,2025-10-02 15:08:41
574,5175,10,success,,2025-10-02 15:13:43
575,5185,10,success,,2025-10-02 15:18:13
576,5195,10,success,,2025-10-02 15:21:32
577,5205,10,success,,2025-10-02 15:25:36
578,5215,10,success,,2025-10-02 15:30:25
579,5225,10,success,,2025-10-02 15:34:13
580,5235,10,success,,2025-10-02 15:36:45
581,5245,10,success,,2025-10-02 15:39:15
582,5255,10,success,,2025-10-02 15:43:25
583,5265,10,success,,2025-10-02 15:49:05
584,5275,10,success,,2025-10-02 15:50:32
585,5285,10,success,,2025-10-02 15:54:51
586,5295,10,success,,2025-10-02 15:58:31
587,5305,10,success,,2025-10-02 16:02:25
588,5315,10,success,,2025-10-02 16:08:23
589,5325,10,success,,2025-10-02 16:09:34
590,5335,10,success,,2025-10-02 16:13:37
591,5345,10,success,,2025-10-02 16:19:59
592,5355,10,success,,2025-10-02 16:26:01
593,5365,10,success,,2025-10-02 16:28:51
594,5375,10,success,,2025-10-02 16:34:31
595,5385,10,success,,2025-10-02 16:38:57
596,5395,10,success,,2025-10-02 16:42:54
597,5405,10,success,,2025-10-02 16:45:41
598,5415,10,success,,2025-10-02 16:49:36
599,5425,10,success,,2025-10-02 16:55:36
600,5435,10,success,,2025-10-02 16:57:42
601,5445,10,success,,2025-10-02 17:02:50
602,5455,10,success,,2025-10-02 17:06:34
603,5465,10,success,,2025-10-02 17:11:57
604,5475,10,success,,2025-10-02 17:16:35
605,5485,10,success,,2025-10-02 17:19:32
606,5495,10,success,,2025-10-02 17:25:09
607,5505,10,success,,2025-10-02 17:28:58
608,5515,10,success,,2025-10-02 17:31:33
609,5525,10,success,,2025-10-02 17:37:39
610,5535,10,success,,2025-10-02 17:42:37
611,5545,10,success,,2025-10-02 17:45:19
612,5555,10,success,,2025-10-02 17:49:35
613,5565,10,success,,2025-10-02 17:54:12
614,5575,10,success,,2025-10-02 17:58:30
615,5585,10,success,,2025-10-02 18:03:25
616,5595,10,success,,2025-10-02 18:07:15
617,5605,10,success,,2025-10-02 18:10:56
618,5615,10,success,,2025-10-02 18:15:02
619,5625,10,success,,2025-10-02 18:17:32
620,5635,10,success,,2025-10-02 18:24:14
621,5645,10,success,,2025-10-02 18:29:07
622,5655,10,success,,2025-10-02 18:33:02
623,5665,10,success,,2025-10-02 18:38:33
624,5675,10,success,,2025-10-02 18:40:50
625,5685,10,success,,2025-10-02 18:44:55
626,5695,10,success,,2025-10-02 18:49:28
627,5705,10,success,,2025-10-02 18:52:50
628,5715,10,success,,2025-10-02 18:56:56
629,5725,10,success,,2025-10-02 19:01:22
630,5735,10,success,,2025-10-02 19:05:29
631,5745,10,success,,2025-10-02 19:09:39
632,5755,10,success,,2025-10-02 19:13:45
633,5765,10,success,,2025-10-02 19:16:28
634,5775,10,success,,2025-10-02 19:20:54
635,5785,10,success,,2025-10-02 19:24:53
636,5795,10,success,,2025-10-02 19:28:28
637,5805,10,success,,2025-10-02 19:32:39
638,5815,10,success,,2025-10-02 19:36:01
639,5825,10,success,,2025-10-02 19:40:32
640,5835,10,success,,2025-10-02 19:43:10
641,5845,10,success,,2025-10-02 19:47:43
642,5855,10,success,,2025-10-02 19:50:59
643,5865,10,success,,2025-10-02 19:54:09
644,5875,10,success,,2025-10-02 19:58:04
645,5885,10,success,,2025-10-02 20:01:30
